{"iou": 1.2388613569176934, "hrefs_iou": -0.3273534646523296, "inversions_index": 0.004802691899922662, "comp_mismatch": -0.26022502729079255, "words": 0.22453727168467125, "bias": 0.10448863512832088}